item_id,order_id,product_id,quantity,unit_price,total_price
1,1,6,1,28000,28000
2,1,2,1,32000,32000
3,1,14,2,16000,32000
4,2,28,1,12000,12000
5,2,2,3,32000,96000
6,2,23,1,38000,38000
7,3,25,1,5500,5500
8,3,20,3,13000,39000
9,4,15,1,11000,11000
10,4,28,3,12000,36000
11,5,8,2,35000,70000
12,6,19,2,10500,21000
13,6,30,3,7500,22500
14,7,20,2,13000,26000
15,7,21,3,16500,49500
16,8,27,3,6000,18000
17,8,3,2,8500,17000
18,8,13,2,9500,19000
19,8,5,3,12000,36000
20,9,6,2,28000,56000
21,10,7,3,22000,66000
22,10,25,2,5500,11000
23,10,11,2,55000,110000
24,11,3,3,8500,25500
25,11,30,3,7500,22500
26,11,9,3,18000,54000
27,11,18,2,8000,16000
28,12,7,1,22000,22000
29,13,26,3,5500,16500
30,13,28,1,12000,12000
31,14,21,2,16500,33000
32,15,21,2,16500,33000
33,16,3,3,8500,25500
34,16,26,3,5500,16500
35,16,13,1,9500,9500
36,16,11,2,55000,110000
37,17,30,3,7500,22500
38,17,25,2,5500,11000
39,18,17,2,22000,44000
40,18,30,1,7500,7500
41,18,21,1,16500,16500
42,19,22,2,9000,18000
43,19,3,3,8500,25500
44,19,8,2,35000,70000
45,20,25,3,5500,16500
46,20,18,2,8000,16000
47,21,5,3,12000,36000
48,21,23,2,38000,76000
49,21,14,3,16000,48000
50,22,11,2,55000,110000
51,22,29,1,9500,9500
52,23,26,1,5500,5500
53,24,24,1,6500,6500
54,25,8,3,35000,105000
55,25,2,1,32000,32000
56,25,29,1,9500,9500
57,25,12,3,18000,54000
58,26,8,3,35000,105000
59,26,13,1,9500,9500
60,27,26,1,5500,5500
61,27,25,3,5500,16500
62,27,4,3,15000,45000
63,27,21,3,16500,49500
64,28,23,3,38000,114000
65,28,18,2,8000,16000
66,29,12,3,18000,54000
67,29,26,2,5500,11000
68,29,6,3,28000,84000
69,29,23,1,38000,38000
70,30,24,3,6500,19500
71,31,23,1,38000,38000
72,31,5,3,12000,36000
73,32,21,3,16500,49500
74,32,29,3,9500,28500
75,32,13,3,9500,28500
76,33,8,1,35000,35000
77,33,29,3,9500,28500
78,33,17,2,22000,44000
79,34,14,1,16000,16000
80,34,9,1,18000,18000
81,35,22,2,9000,18000
82,35,2,3,32000,96000
83,36,26,2,5500,11000
84,36,20,2,13000,26000
85,36,10,3,12500,37500
86,36,12,2,18000,36000
87,37,11,3,55000,165000
88,38,20,3,13000,39000
89,39,30,3,7500,22500
90,39,12,3,18000,54000
91,39,11,3,55000,165000
92,40,9,3,18000,54000
93,40,4,2,15000,30000
94,40,17,2,22000,44000
95,41,27,3,6000,18000
96,41,18,1,8000,8000
97,41,19,1,10500,10500
98,41,13,3,9500,28500
99,42,28,3,12000,36000
100,42,21,1,16500,16500
101,42,18,3,8000,24000
102,43,13,1,9500,9500
103,44,8,3,35000,105000
104,44,1,3,45000,135000
105,45,13,2,9500,19000
106,46,17,1,22000,22000
107,46,10,2,12500,25000
108,47,4,2,15000,30000
109,47,6,3,28000,84000
110,47,25,2,5500,11000
111,48,12,1,18000,18000
112,49,25,3,5500,16500
113,50,9,1,18000,18000
114,51,27,2,6000,12000
115,51,21,2,16500,33000
116,52,10,1,12500,12500
117,52,22,1,9000,9000
118,53,12,2,18000,36000
119,53,3,2,8500,17000
120,53,9,1,18000,18000
121,54,1,2,45000,90000
122,54,21,3,16500,49500
123,54,3,3,8500,25500
124,54,14,2,16000,32000
125,55,7,2,22000,44000
126,55,27,1,6000,6000
127,55,18,2,8000,16000
128,55,30,3,7500,22500
129,56,16,1,14000,14000
130,56,13,2,9500,19000
131,56,10,3,12500,37500
132,57,18,1,8000,8000
133,57,12,1,18000,18000
134,57,29,3,9500,28500
135,58,27,2,6000,12000
136,58,20,3,13000,39000
137,58,23,1,38000,38000
138,59,25,1,5500,5500
139,59,2,3,32000,96000
140,60,13,2,9500,19000
141,60,16,1,14000,14000
142,60,10,2,12500,25000
143,60,21,3,16500,49500
144,61,21,2,16500,33000
145,62,18,2,8000,16000
146,62,29,3,9500,28500
147,63,10,3,12500,37500
148,63,6,1,28000,28000
149,63,16,1,14000,14000
150,64,18,1,8000,8000
151,64,27,1,6000,6000
152,64,15,2,11000,22000
153,65,1,3,45000,135000
154,65,13,1,9500,9500
155,66,2,3,32000,96000
156,66,29,3,9500,28500
157,66,27,3,6000,18000
158,66,4,2,15000,30000
159,67,19,3,10500,31500
160,67,13,1,9500,9500
161,67,17,2,22000,44000
162,67,10,2,12500,25000
163,68,24,1,6500,6500
164,68,7,2,22000,44000
165,69,10,3,12500,37500
166,69,7,3,22000,66000
167,69,25,2,5500,11000
168,69,11,2,55000,110000
169,70,2,1,32000,32000
170,70,10,2,12500,25000
171,71,21,3,16500,49500
172,71,11,1,55000,55000
173,72,8,2,35000,70000
174,73,15,2,11000,22000
175,73,23,1,38000,38000
176,73,13,1,9500,9500
177,73,4,3,15000,45000
178,74,25,3,5500,16500
179,74,4,2,15000,30000
180,74,12,2,18000,36000
181,74,3,2,8500,17000
182,75,27,3,6000,18000
183,76,27,2,6000,12000
184,76,18,2,8000,16000
185,76,14,2,16000,32000
186,76,21,2,16500,33000
187,77,1,3,45000,135000
188,77,18,2,8000,16000
189,78,22,2,9000,18000
190,78,2,2,32000,64000
191,79,19,1,10500,10500
192,79,8,2,35000,70000
193,79,5,2,12000,24000
194,80,23,3,38000,114000
195,80,11,2,55000,110000
196,81,12,1,18000,18000
197,81,24,2,6500,13000
198,81,29,1,9500,9500
199,82,12,3,18000,54000
200,82,19,1,10500,10500
201,83,25,2,5500,11000
202,83,11,1,55000,55000
203,83,30,2,7500,15000
204,84,23,2,38000,76000
205,84,17,3,22000,66000
206,84,30,3,7500,22500
207,84,8,2,35000,70000
208,85,27,2,6000,12000
209,85,19,2,10500,21000
210,85,12,2,18000,36000
211,86,23,2,38000,76000
212,86,9,1,18000,18000
213,87,18,1,8000,8000
214,88,29,2,9500,19000
215,89,11,1,55000,55000
216,89,20,3,13000,39000
217,89,9,1,18000,18000
218,89,6,2,28000,56000
219,90,2,2,32000,64000
220,90,17,2,22000,44000
221,90,29,1,9500,9500
222,90,21,1,16500,16500
223,91,27,3,6000,18000
224,91,7,2,22000,44000
225,92,3,2,8500,17000
226,92,5,1,12000,12000
227,92,14,1,16000,16000
228,93,18,2,8000,16000
229,93,8,3,35000,105000
230,93,10,2,12500,25000
231,94,23,1,38000,38000
232,94,20,2,13000,26000
233,94,10,2,12500,25000
234,94,11,1,55000,55000
235,95,28,3,12000,36000
236,95,7,3,22000,66000
237,95,12,3,18000,54000
238,95,14,3,16000,48000
239,96,11,3,55000,165000
240,96,14,1,16000,16000
241,96,7,1,22000,22000
242,97,7,2,22000,44000
243,97,12,2,18000,36000
244,97,15,3,11000,33000
245,98,18,2,8000,16000
246,98,27,3,6000,18000
247,98,15,1,11000,11000
248,98,4,2,15000,30000
249,99,10,1,12500,12500
250,99,4,1,15000,15000
251,99,3,1,8500,8500
252,100,8,1,35000,35000
253,101,27,2,6000,12000
254,101,13,2,9500,19000
255,102,9,1,18000,18000
256,102,12,3,18000,54000
257,102,29,3,9500,28500
258,103,30,1,7500,7500
259,103,20,2,13000,26000
260,103,3,3,8500,25500
261,104,15,3,11000,33000
262,104,14,3,16000,48000
263,104,12,2,18000,36000
264,105,9,3,18000,54000
265,106,23,3,38000,114000
266,106,11,2,55000,110000
267,106,2,3,32000,96000
268,107,21,1,16500,16500
269,107,29,3,9500,28500
270,107,4,3,15000,45000
271,107,23,1,38000,38000
272,108,30,1,7500,7500
273,109,17,1,22000,22000
274,109,5,1,12000,12000
275,110,13,1,9500,9500
276,111,12,2,18000,36000
277,111,16,3,14000,42000
278,111,5,3,12000,36000
279,112,1,1,45000,45000
280,112,8,3,35000,105000
281,113,30,1,7500,7500
282,113,22,1,9000,9000
283,113,5,2,12000,24000
284,113,11,1,55000,55000
285,114,9,3,18000,54000
286,115,9,2,18000,36000
287,115,17,1,22000,22000
288,116,30,2,7500,15000
289,116,4,1,15000,15000
290,116,27,2,6000,12000
291,117,28,3,12000,36000
292,117,17,2,22000,44000
293,117,15,1,11000,11000
294,118,3,3,8500,25500
295,119,16,2,14000,28000
296,120,4,2,15000,30000
297,120,30,1,7500,7500
298,120,6,3,28000,84000
299,121,19,1,10500,10500
300,121,27,1,6000,6000
301,121,13,2,9500,19000
302,121,21,3,16500,49500
303,122,10,2,12500,25000
304,123,19,2,10500,21000
305,123,1,3,45000,135000
306,123,16,1,14000,14000
307,124,22,3,9000,27000
308,124,29,2,9500,19000
309,124,28,1,12000,12000
310,124,17,3,22000,66000
311,125,7,3,22000,66000
312,125,25,3,5500,16500
313,125,29,3,9500,28500
314,126,4,3,15000,45000
315,126,27,2,6000,12000
316,127,13,2,9500,19000
317,127,23,3,38000,114000
318,127,2,3,32000,96000
319,128,30,2,7500,15000
320,128,10,2,12500,25000
321,129,23,3,38000,114000
322,129,10,3,12500,37500
323,130,18,3,8000,24000
324,130,24,2,6500,13000
325,130,28,2,12000,24000
326,130,6,3,28000,84000
327,131,28,1,12000,12000
328,131,30,1,7500,7500
329,131,29,1,9500,9500
330,131,24,2,6500,13000
331,132,24,1,6500,6500
332,132,25,3,5500,16500
333,132,19,2,10500,21000
334,133,14,1,16000,16000
335,133,2,1,32000,32000
336,133,9,3,18000,54000
337,134,9,3,18000,54000
338,135,16,3,14000,42000
339,135,18,3,8000,24000
340,135,5,2,12000,24000
341,136,16,1,14000,14000
342,136,19,1,10500,10500
343,136,2,1,32000,32000
344,137,18,1,8000,8000
345,137,8,3,35000,105000
346,138,5,3,12000,36000
347,139,10,2,12500,25000
348,139,26,3,5500,16500
349,139,5,2,12000,24000
350,139,14,3,16000,48000
351,140,15,3,11000,33000
352,140,7,1,22000,22000
353,140,16,2,14000,28000
354,141,17,1,22000,22000
355,141,24,3,6500,19500
356,141,22,1,9000,9000
357,141,27,3,6000,18000
358,142,20,3,13000,39000
359,142,8,2,35000,70000
360,142,17,1,22000,22000
361,143,20,1,13000,13000
362,144,30,1,7500,7500
363,144,13,2,9500,19000
364,144,21,2,16500,33000
365,145,22,1,9000,9000
366,146,10,2,12500,25000
367,146,27,1,6000,6000
368,146,19,2,10500,21000
369,147,26,3,5500,16500
370,147,25,2,5500,11000
371,148,9,2,18000,36000
372,149,8,3,35000,105000
373,150,25,1,5500,5500
374,150,14,1,16000,16000
375,151,22,3,9000,27000
376,152,2,2,32000,64000
377,152,14,2,16000,32000
378,153,10,1,12500,12500
379,153,29,3,9500,28500
380,153,28,1,12000,12000
381,154,3,2,8500,17000
382,154,16,1,14000,14000
383,154,29,3,9500,28500
384,155,28,2,12000,24000
385,155,19,2,10500,21000
386,156,23,1,38000,38000
387,156,9,2,18000,36000
388,156,12,2,18000,36000
389,157,4,3,15000,45000
390,157,3,3,8500,25500
391,158,7,3,22000,66000
392,158,21,1,16500,16500
393,158,15,2,11000,22000
394,159,10,3,12500,37500
395,159,16,1,14000,14000
396,159,6,3,28000,84000
397,159,20,3,13000,39000
398,160,10,3,12500,37500
399,160,2,3,32000,96000
400,160,9,1,18000,18000
401,161,30,3,7500,22500
402,161,17,3,22000,66000
403,161,18,1,8000,8000
404,162,27,1,6000,6000
405,162,17,1,22000,22000
406,162,18,2,8000,16000
407,163,9,3,18000,54000
408,163,27,1,6000,6000
409,163,14,1,16000,16000
410,164,18,1,8000,8000
411,164,17,2,22000,44000
412,164,11,2,55000,110000
413,165,29,1,9500,9500
414,166,1,3,45000,135000
415,166,27,1,6000,6000
416,167,3,1,8500,8500
417,168,7,3,22000,66000
418,168,12,3,18000,54000
419,169,19,2,10500,21000
420,169,26,2,5500,11000
421,170,24,3,6500,19500
422,171,10,2,12500,25000
423,171,1,1,45000,45000
424,172,7,1,22000,22000
425,172,4,3,15000,45000
426,172,14,1,16000,16000
427,172,6,2,28000,56000
428,173,11,3,55000,165000
429,173,18,2,8000,16000
430,173,1,1,45000,45000
431,173,5,3,12000,36000
432,174,19,2,10500,21000
433,175,22,3,9000,27000
434,175,5,2,12000,24000
435,176,23,1,38000,38000
436,176,18,3,8000,24000
437,176,2,1,32000,32000
438,176,24,2,6500,13000
439,177,1,2,45000,90000
440,177,2,1,32000,32000
441,177,13,1,9500,9500
442,177,6,1,28000,28000
443,178,22,3,9000,27000
444,178,25,1,5500,5500
445,178,28,3,12000,36000
446,178,16,1,14000,14000
447,179,17,2,22000,44000
448,179,26,2,5500,11000
449,179,22,3,9000,27000
450,180,24,2,6500,13000
451,180,15,3,11000,33000
452,180,11,3,55000,165000
453,180,2,2,32000,64000
454,181,17,3,22000,66000
455,181,28,3,12000,36000
456,181,6,3,28000,84000
457,182,26,2,5500,11000
458,182,17,1,22000,22000
459,182,11,1,55000,55000
460,182,6,1,28000,28000
461,183,4,1,15000,15000
462,183,29,1,9500,9500
463,183,6,1,28000,28000
464,183,16,1,14000,14000
465,184,22,1,9000,9000
466,185,30,1,7500,7500
467,186,5,2,12000,24000
468,186,23,2,38000,76000
469,186,8,1,35000,35000
470,186,11,3,55000,165000
471,187,26,3,5500,16500
472,187,14,2,16000,32000
473,188,27,2,6000,12000
474,188,28,3,12000,36000
475,189,20,1,13000,13000
476,189,30,2,7500,15000
477,189,12,1,18000,18000
478,189,11,3,55000,165000
479,190,15,1,11000,11000
480,190,25,3,5500,16500
481,190,30,3,7500,22500
482,190,14,2,16000,32000
483,191,1,2,45000,90000
484,191,10,3,12500,37500
485,191,18,1,8000,8000
486,191,25,3,5500,16500
487,192,7,1,22000,22000
488,192,21,1,16500,16500
489,192,2,1,32000,32000
490,192,27,2,6000,12000
491,193,23,2,38000,76000
492,193,6,2,28000,56000
493,193,15,2,11000,22000
494,193,7,3,22000,66000
495,194,18,1,8000,8000
496,194,13,2,9500,19000
497,194,27,3,6000,18000
498,194,3,3,8500,25500
499,195,25,1,5500,5500
500,195,21,1,16500,16500
501,195,29,1,9500,9500
502,196,19,1,10500,10500
503,196,17,3,22000,66000
504,196,11,2,55000,110000
505,197,21,3,16500,49500
506,197,15,3,11000,33000
507,197,28,1,12000,12000
508,198,25,3,5500,16500
509,198,21,2,16500,33000
510,198,28,2,12000,24000
511,199,18,1,8000,8000
512,199,10,2,12500,25000
513,199,4,1,15000,15000
514,200,17,3,22000,66000
515,200,25,1,5500,5500
516,200,2,3,32000,96000
517,200,12,1,18000,18000
518,201,15,2,11000,22000
519,202,6,1,28000,28000
520,202,20,2,13000,26000
521,203,28,2,12000,24000
522,203,7,3,22000,66000
523,204,3,1,8500,8500
524,204,6,1,28000,28000
525,204,28,3,12000,36000
526,204,24,1,6500,6500
527,205,9,1,18000,18000
528,205,25,1,5500,5500
529,206,16,3,14000,42000
530,206,3,1,8500,8500
531,206,12,1,18000,18000
532,207,21,2,16500,33000
533,207,10,3,12500,37500
534,208,7,1,22000,22000
535,208,5,3,12000,36000
536,209,4,1,15000,15000
537,209,3,1,8500,8500
538,209,23,3,38000,114000
539,210,13,2,9500,19000
540,210,7,3,22000,66000
541,210,18,1,8000,8000
542,210,23,1,38000,38000
543,211,11,1,55000,55000
544,211,26,3,5500,16500
545,211,29,3,9500,28500
546,211,21,2,16500,33000
547,212,22,3,9000,27000
548,213,3,3,8500,25500
549,213,18,3,8000,24000
550,213,24,3,6500,19500
551,213,28,1,12000,12000
552,214,25,1,5500,5500
553,214,29,1,9500,9500
554,214,17,3,22000,66000
555,214,6,3,28000,84000
556,215,10,3,12500,37500
557,215,3,2,8500,17000
558,215,21,3,16500,49500
559,216,30,2,7500,15000
560,217,18,1,8000,8000
561,217,16,1,14000,14000
562,217,6,2,28000,56000
563,217,1,2,45000,90000
564,218,2,3,32000,96000
565,218,11,2,55000,110000
566,218,25,1,5500,5500
567,218,4,1,15000,15000
568,219,15,2,11000,22000
569,219,11,2,55000,110000
570,219,24,3,6500,19500
571,220,17,3,22000,66000
572,221,1,2,45000,90000
573,221,29,2,9500,19000
574,222,17,2,22000,44000
575,222,27,3,6000,18000
576,222,2,2,32000,64000
577,222,16,3,14000,42000
578,223,10,2,12500,25000
579,223,1,3,45000,135000
580,223,21,2,16500,33000
581,224,6,2,28000,56000
582,224,22,1,9000,9000
583,224,17,3,22000,66000
584,225,23,2,38000,76000
585,226,24,1,6500,6500
586,226,16,3,14000,42000
587,226,14,2,16000,32000
588,227,13,2,9500,19000
589,227,21,2,16500,33000
590,227,20,3,13000,39000
591,228,5,3,12000,36000
592,228,22,1,9000,9000
593,228,18,3,8000,24000
594,228,20,1,13000,13000
595,229,26,3,5500,16500
596,229,25,3,5500,16500
597,230,24,2,6500,13000
598,231,26,3,5500,16500
599,231,8,1,35000,35000
600,231,9,1,18000,18000
601,232,10,1,12500,12500
602,232,12,1,18000,18000
603,233,17,2,22000,44000
604,233,30,2,7500,15000
605,233,6,3,28000,84000
606,234,13,3,9500,28500
607,234,20,3,13000,39000
608,234,21,1,16500,16500
609,235,1,1,45000,45000
610,236,15,1,11000,11000
611,236,4,2,15000,30000
612,236,24,3,6500,19500
613,237,8,2,35000,70000
614,238,2,1,32000,32000
615,239,1,1,45000,45000
616,239,18,1,8000,8000
617,239,9,3,18000,54000
618,239,29,1,9500,9500
619,240,28,1,12000,12000
620,240,8,3,35000,105000
621,240,15,1,11000,11000
622,241,4,3,15000,45000
623,242,28,3,12000,36000
624,242,12,3,18000,54000
625,243,5,3,12000,36000
626,244,4,3,15000,45000
627,244,1,1,45000,45000
628,244,5,1,12000,12000
629,244,29,1,9500,9500
630,245,6,2,28000,56000
631,245,17,1,22000,22000
632,245,28,3,12000,36000
633,245,13,2,9500,19000
634,246,8,3,35000,105000
635,246,24,2,6500,13000
636,246,3,2,8500,17000
637,246,28,3,12000,36000
638,247,4,1,15000,15000
639,248,5,2,12000,24000
640,248,26,3,5500,16500
641,248,9,1,18000,18000
642,249,4,3,15000,45000
643,249,13,1,9500,9500
644,249,29,2,9500,19000
645,250,8,3,35000,105000
646,250,29,3,9500,28500
647,250,2,3,32000,96000
648,250,6,3,28000,84000
649,251,3,1,8500,8500
650,251,2,1,32000,32000
651,251,19,2,10500,21000
652,251,9,1,18000,18000
653,252,4,3,15000,45000
654,252,7,3,22000,66000
655,252,13,1,9500,9500
656,252,9,3,18000,54000
657,253,20,3,13000,39000
658,253,16,2,14000,28000
659,253,25,2,5500,11000
660,253,12,1,18000,18000
661,254,20,3,13000,39000
662,254,24,2,6500,13000
663,254,28,3,12000,36000
664,254,8,1,35000,35000
665,255,5,3,12000,36000
666,255,22,1,9000,9000
667,255,8,3,35000,105000
668,255,25,1,5500,5500
669,256,25,1,5500,5500
670,256,23,1,38000,38000
671,256,22,3,9000,27000
672,256,27,3,6000,18000
673,257,21,2,16500,33000
674,257,17,1,22000,22000
675,257,20,1,13000,13000
676,258,20,2,13000,26000
677,258,6,3,28000,84000
678,258,9,1,18000,18000
679,259,7,2,22000,44000
680,259,4,3,15000,45000
681,260,6,2,28000,56000
682,260,18,3,8000,24000
683,261,8,3,35000,105000
684,262,3,1,8500,8500
685,263,23,2,38000,76000
686,263,21,2,16500,33000
687,263,29,2,9500,19000
688,264,7,3,22000,66000
689,265,13,2,9500,19000
690,265,15,3,11000,33000
691,266,15,2,11000,22000
692,267,5,2,12000,24000
693,268,2,2,32000,64000
694,268,8,2,35000,70000
695,268,9,3,18000,54000
696,268,7,2,22000,44000
697,269,28,1,12000,12000
698,270,5,1,12000,12000
699,271,25,1,5500,5500
700,271,26,2,5500,11000
701,271,18,2,8000,16000
702,272,12,1,18000,18000
703,273,20,1,13000,13000
704,273,19,3,10500,31500
705,273,11,3,55000,165000
706,273,28,3,12000,36000
707,274,24,3,6500,19500
708,274,19,1,10500,10500
709,275,12,1,18000,18000
710,275,10,3,12500,37500
711,275,15,3,11000,33000
712,276,4,3,15000,45000
713,276,22,3,9000,27000
714,277,1,1,45000,45000
715,277,7,3,22000,66000
716,277,27,2,6000,12000
717,278,4,3,15000,45000
718,278,6,1,28000,28000
719,278,26,1,5500,5500
720,279,26,3,5500,16500
721,279,15,2,11000,22000
722,279,21,2,16500,33000
723,279,1,3,45000,135000
724,280,21,1,16500,16500
725,281,4,2,15000,30000
726,281,19,1,10500,10500
727,282,28,1,12000,12000
728,282,8,1,35000,35000
729,283,4,2,15000,30000
730,283,26,3,5500,16500
731,283,21,3,16500,49500
732,284,9,1,18000,18000
733,284,1,1,45000,45000
734,284,29,1,9500,9500
735,284,24,2,6500,13000
736,285,18,1,8000,8000
737,285,26,3,5500,16500
738,285,11,2,55000,110000
739,286,30,2,7500,15000
740,287,2,2,32000,64000
741,287,8,3,35000,105000
742,288,26,1,5500,5500
743,288,29,3,9500,28500
744,288,24,1,6500,6500
745,288,16,2,14000,28000
746,289,11,1,55000,55000
747,289,2,1,32000,32000
748,290,1,3,45000,135000
749,290,22,1,9000,9000
750,290,20,1,13000,13000
751,290,4,1,15000,15000
752,291,28,2,12000,24000
753,291,12,1,18000,18000
754,291,1,2,45000,90000
755,291,17,3,22000,66000
756,292,7,1,22000,22000
757,293,7,1,22000,22000
758,294,22,2,9000,18000
759,294,16,2,14000,28000
760,294,18,1,8000,8000
761,294,7,2,22000,44000
762,295,25,1,5500,5500
763,295,3,3,8500,25500
764,295,16,3,14000,42000
765,295,14,1,16000,16000
766,296,9,2,18000,36000
767,297,17,1,22000,22000
768,297,27,3,6000,18000
769,297,4,2,15000,30000
770,298,19,3,10500,31500
771,298,30,1,7500,7500
772,299,15,1,11000,11000
773,300,29,1,9500,9500
774,300,20,3,13000,39000
775,301,23,3,38000,114000
776,302,18,3,8000,24000
777,302,22,1,9000,9000
778,302,14,3,16000,48000
779,303,12,2,18000,36000
780,303,23,3,38000,114000
781,303,5,3,12000,36000
782,304,30,1,7500,7500
783,304,21,2,16500,33000
784,304,18,2,8000,16000
785,304,11,2,55000,110000
786,305,11,2,55000,110000
787,305,21,3,16500,49500
788,306,8,2,35000,70000
789,306,10,2,12500,25000
790,306,17,3,22000,66000
791,307,1,1,45000,45000
792,307,14,2,16000,32000
793,307,26,2,5500,11000
794,307,3,3,8500,25500
795,308,28,3,12000,36000
796,309,18,1,8000,8000
797,309,14,1,16000,16000
798,310,21,3,16500,49500
799,310,28,2,12000,24000
800,310,18,2,8000,16000
801,311,1,2,45000,90000
802,311,12,1,18000,18000
803,312,7,3,22000,66000
804,312,14,2,16000,32000
805,312,10,1,12500,12500
806,313,29,2,9500,19000
807,313,24,2,6500,13000
808,314,7,3,22000,66000
809,314,21,2,16500,33000
810,314,5,3,12000,36000
811,314,25,2,5500,11000
812,315,13,3,9500,28500
813,315,8,1,35000,35000
814,315,21,3,16500,49500
815,315,9,2,18000,36000
816,316,8,3,35000,105000
817,316,19,3,10500,31500
818,316,6,1,28000,28000
819,316,9,3,18000,54000
820,317,7,2,22000,44000
821,317,3,3,8500,25500
822,318,9,3,18000,54000
823,318,14,3,16000,48000
824,318,1,1,45000,45000
825,319,29,1,9500,9500
826,319,4,2,15000,30000
827,320,14,3,16000,48000
828,321,25,3,5500,16500
829,321,18,2,8000,16000
830,322,5,2,12000,24000
831,322,24,1,6500,6500
832,323,14,1,16000,16000
833,323,6,2,28000,56000
834,323,27,3,6000,18000
835,323,10,3,12500,37500
836,324,11,2,55000,110000
837,324,22,2,9000,18000
838,325,19,3,10500,31500
839,325,13,1,9500,9500
840,325,29,1,9500,9500
841,326,2,1,32000,32000
842,326,30,1,7500,7500
843,326,28,3,12000,36000
844,326,21,1,16500,16500
845,327,25,3,5500,16500
846,327,29,3,9500,28500
847,328,22,1,9000,9000
848,328,19,2,10500,21000
849,328,5,3,12000,36000
850,328,25,2,5500,11000
851,329,3,3,8500,25500
852,329,29,1,9500,9500
853,329,4,1,15000,15000
854,329,7,2,22000,44000
855,330,18,2,8000,16000
856,330,7,1,22000,22000
857,330,24,2,6500,13000
858,331,1,2,45000,90000
859,331,11,2,55000,110000
860,331,25,1,5500,5500
861,332,29,3,9500,28500
862,333,10,2,12500,25000
863,333,19,3,10500,31500
864,333,7,3,22000,66000
865,333,18,1,8000,8000
866,334,28,1,12000,12000
867,334,3,1,8500,8500
868,334,10,1,12500,12500
869,334,20,3,13000,39000
870,335,7,3,22000,66000
871,335,3,2,8500,17000
872,336,21,3,16500,49500
873,336,7,3,22000,66000
874,336,22,2,9000,18000
875,336,18,3,8000,24000
876,337,14,3,16000,48000
877,337,27,3,6000,18000
878,337,11,1,55000,55000
879,337,7,2,22000,44000
880,338,25,3,5500,16500
881,338,10,1,12500,12500
882,338,17,2,22000,44000
883,338,13,2,9500,19000
884,339,30,1,7500,7500
885,339,21,1,16500,16500
886,339,5,3,12000,36000
887,339,2,3,32000,96000
888,340,15,1,11000,11000
889,340,12,1,18000,18000
890,340,16,2,14000,28000
891,340,22,3,9000,27000
892,341,6,2,28000,56000
893,341,23,3,38000,114000
894,342,19,1,10500,10500
895,342,3,1,8500,8500
896,343,18,3,8000,24000
897,344,24,3,6500,19500
898,344,18,3,8000,24000
899,344,2,3,32000,96000
900,344,29,2,9500,19000
901,345,21,3,16500,49500
902,345,13,3,9500,28500
903,346,10,3,12500,37500
904,346,15,1,11000,11000
905,347,29,2,9500,19000
906,347,14,1,16000,16000
907,347,9,3,18000,54000
908,348,16,3,14000,42000
909,349,26,2,5500,11000
910,349,25,2,5500,11000
911,349,27,1,6000,6000
912,350,7,3,22000,66000
913,350,30,2,7500,15000
914,351,5,1,12000,12000
915,352,10,2,12500,25000
916,352,23,2,38000,76000
917,352,16,3,14000,42000
918,352,12,3,18000,54000
919,353,15,2,11000,22000
920,353,19,3,10500,31500
921,353,29,2,9500,19000
922,354,20,1,13000,13000
923,355,12,3,18000,54000
924,356,9,2,18000,36000
925,357,20,1,13000,13000
926,357,19,3,10500,31500
927,357,28,2,12000,24000
928,357,11,1,55000,55000
929,358,13,1,9500,9500
930,358,15,3,11000,33000
931,359,9,1,18000,18000
932,359,15,3,11000,33000
933,360,25,1,5500,5500
934,360,13,1,9500,9500
935,360,8,1,35000,35000
936,360,15,2,11000,22000
937,361,22,1,9000,9000
938,361,21,1,16500,16500
939,361,10,1,12500,12500
940,361,17,2,22000,44000
941,362,30,1,7500,7500
942,362,5,3,12000,36000
943,362,21,2,16500,33000
944,363,5,3,12000,36000
945,363,24,2,6500,13000
946,363,4,1,15000,15000
947,364,15,1,11000,11000
948,365,7,2,22000,44000
949,366,30,1,7500,7500
950,366,27,2,6000,12000
951,366,18,2,8000,16000
952,367,28,1,12000,12000
953,367,17,2,22000,44000
954,368,20,1,13000,13000
955,368,9,1,18000,18000
956,368,17,1,22000,22000
957,368,1,1,45000,45000
958,369,14,3,16000,48000
959,369,8,1,35000,35000
960,369,17,1,22000,22000
961,369,16,2,14000,28000
962,370,6,3,28000,84000
963,370,8,2,35000,70000
964,371,15,3,11000,33000
965,371,26,1,5500,5500
966,372,18,2,8000,16000
967,372,10,2,12500,25000
968,372,20,2,13000,26000
969,372,8,1,35000,35000
970,373,18,1,8000,8000
971,373,16,1,14000,14000
972,373,20,3,13000,39000
973,374,6,1,28000,28000
974,375,30,3,7500,22500
975,376,27,2,6000,12000
976,377,16,2,14000,28000
977,377,7,2,22000,44000
978,377,14,2,16000,32000
979,377,12,2,18000,36000
980,378,20,2,13000,26000
981,379,23,1,38000,38000
982,379,3,2,8500,17000
983,380,28,1,12000,12000
984,381,13,3,9500,28500
985,381,4,1,15000,15000
986,382,14,3,16000,48000
987,382,1,1,45000,45000
988,383,24,3,6500,19500
989,383,8,3,35000,105000
990,383,16,2,14000,28000
991,383,7,1,22000,22000
992,384,28,2,12000,24000
993,384,15,1,11000,11000
994,384,18,3,8000,24000
995,384,5,3,12000,36000
996,385,9,2,18000,36000
997,385,22,2,9000,18000
998,385,19,2,10500,21000
999,385,20,3,13000,39000
1000,386,27,1,6000,6000
1001,386,21,2,16500,33000
1002,386,24,3,6500,19500
1003,387,26,2,5500,11000
1004,387,9,2,18000,36000
1005,388,28,3,12000,36000
1006,388,24,2,6500,13000
1007,389,10,1,12500,12500
1008,390,4,3,15000,45000
1009,391,13,2,9500,19000
1010,391,29,1,9500,9500
1011,392,4,3,15000,45000
1012,392,22,3,9000,27000
1013,392,29,2,9500,19000
1014,393,6,1,28000,28000
1015,393,14,2,16000,32000
1016,393,9,1,18000,18000
1017,394,3,3,8500,25500
1018,395,29,2,9500,19000
1019,395,5,3,12000,36000
1020,395,3,3,8500,25500
1021,395,24,2,6500,13000
1022,396,1,2,45000,90000
1023,396,19,1,10500,10500
1024,396,29,1,9500,9500
1025,396,18,1,8000,8000
1026,397,8,1,35000,35000
1027,397,10,2,12500,25000
1028,397,17,3,22000,66000
1029,397,12,3,18000,54000
1030,398,16,1,14000,14000
1031,398,27,1,6000,6000
1032,398,9,1,18000,18000
1033,398,26,1,5500,5500
1034,399,28,1,12000,12000
1035,399,6,1,28000,28000
1036,399,15,2,11000,22000
1037,400,24,1,6500,6500
1038,400,7,1,22000,22000
1039,400,1,2,45000,90000
1040,400,3,1,8500,8500
1041,401,18,1,8000,8000
1042,401,22,3,9000,27000
1043,401,19,3,10500,31500
1044,401,26,1,5500,5500
1045,402,27,1,6000,6000
1046,403,16,3,14000,42000
1047,404,14,1,16000,16000
1048,404,16,1,14000,14000
1049,404,21,2,16500,33000
1050,405,11,2,55000,110000
1051,406,28,3,12000,36000
1052,406,10,3,12500,37500
1053,406,25,3,5500,16500
1054,406,21,3,16500,49500
1055,407,29,1,9500,9500
1056,407,24,1,6500,6500
1057,408,10,1,12500,12500
1058,408,7,1,22000,22000
1059,408,9,2,18000,36000
1060,409,10,2,12500,25000
1061,409,8,1,35000,35000
1062,409,9,1,18000,18000
1063,410,13,1,9500,9500
1064,410,27,2,6000,12000
1065,411,4,3,15000,45000
1066,412,27,1,6000,6000
1067,412,16,3,14000,42000
1068,412,2,2,32000,64000
1069,412,19,3,10500,31500
1070,413,25,2,5500,11000
1071,413,5,1,12000,12000
1072,413,1,2,45000,90000
1073,413,6,3,28000,84000
1074,414,28,3,12000,36000
1075,415,2,3,32000,96000
1076,415,22,2,9000,18000
1077,415,29,3,9500,28500
1078,416,7,3,22000,66000
1079,417,11,2,55000,110000
1080,417,17,2,22000,44000
1081,418,20,1,13000,13000
1082,419,30,1,7500,7500
1083,420,26,2,5500,11000
1084,420,19,3,10500,31500
1085,420,1,3,45000,135000
1086,421,28,2,12000,24000
1087,422,11,3,55000,165000
1088,422,1,1,45000,45000
1089,422,16,2,14000,28000
1090,422,24,3,6500,19500
1091,423,15,3,11000,33000
1092,424,30,2,7500,15000
1093,425,9,3,18000,54000
1094,425,29,2,9500,19000
1095,425,5,2,12000,24000
1096,425,21,3,16500,49500
1097,426,2,2,32000,64000
1098,426,4,2,15000,30000
1099,427,13,1,9500,9500
1100,428,23,1,38000,38000
1101,428,6,2,28000,56000
1102,428,18,2,8000,16000
1103,429,2,3,32000,96000
1104,429,18,3,8000,24000
1105,430,14,3,16000,48000
1106,430,19,2,10500,21000
1107,431,26,1,5500,5500
1108,431,28,3,12000,36000
1109,432,17,2,22000,44000
1110,432,22,3,9000,27000
1111,433,14,2,16000,32000
1112,433,21,3,16500,49500
1113,434,18,2,8000,16000
1114,434,12,2,18000,36000
1115,434,7,3,22000,66000
1116,435,21,3,16500,49500
1117,435,13,3,9500,28500
1118,435,2,1,32000,32000
1119,436,10,1,12500,12500
1120,436,22,1,9000,9000
1121,436,2,3,32000,96000
1122,436,24,2,6500,13000
1123,437,20,2,13000,26000
1124,438,14,2,16000,32000
1125,438,22,2,9000,18000
1126,438,15,2,11000,22000
1127,439,22,2,9000,18000
1128,439,26,1,5500,5500
1129,439,19,1,10500,10500
1130,440,16,2,14000,28000
1131,440,21,3,16500,49500
1132,440,6,1,28000,28000
1133,440,20,3,13000,39000
1134,441,27,1,6000,6000
1135,442,13,2,9500,19000
1136,443,8,3,35000,105000
1137,443,17,1,22000,22000
1138,443,15,1,11000,11000
1139,444,25,2,5500,11000
1140,444,12,3,18000,54000
1141,445,14,3,16000,48000
1142,445,21,1,16500,16500
1143,445,27,2,6000,12000
1144,445,9,2,18000,36000
1145,446,10,2,12500,25000
1146,446,13,1,9500,9500
1147,446,23,2,38000,76000
1148,446,20,2,13000,26000
1149,447,11,3,55000,165000
1150,447,14,1,16000,16000
1151,447,27,3,6000,18000
1152,448,29,2,9500,19000
1153,449,4,3,15000,45000
1154,449,14,3,16000,48000
1155,449,12,1,18000,18000
1156,449,7,1,22000,22000
1157,450,24,3,6500,19500
1158,451,22,1,9000,9000
1159,451,6,3,28000,84000
1160,451,13,2,9500,19000
1161,452,27,3,6000,18000
1162,453,6,1,28000,28000
1163,453,3,1,8500,8500
1164,453,21,3,16500,49500
1165,453,23,3,38000,114000
1166,454,15,1,11000,11000
1167,454,30,1,7500,7500
1168,455,12,2,18000,36000
1169,456,9,2,18000,36000
1170,456,22,1,9000,9000
1171,456,17,1,22000,22000
1172,457,17,2,22000,44000
1173,457,7,1,22000,22000
1174,457,20,1,13000,13000
1175,458,13,1,9500,9500
1176,458,11,1,55000,55000
1177,458,20,1,13000,13000
1178,458,15,2,11000,22000
1179,459,15,2,11000,22000
1180,460,24,3,6500,19500
1181,461,14,1,16000,16000
1182,461,21,2,16500,33000
1183,461,9,3,18000,54000
1184,462,3,3,8500,25500
1185,462,26,1,5500,5500
1186,462,8,1,35000,35000
1187,463,26,3,5500,16500
1188,463,30,1,7500,7500
1189,464,1,2,45000,90000
1190,465,30,3,7500,22500
1191,465,14,2,16000,32000
1192,465,15,3,11000,33000
1193,465,24,3,6500,19500
1194,466,28,2,12000,24000
1195,467,20,2,13000,26000
1196,468,13,2,9500,19000
1197,468,27,2,6000,12000
1198,469,16,1,14000,14000
1199,469,29,3,9500,28500
1200,470,21,2,16500,33000
1201,470,3,1,8500,8500
1202,470,13,1,9500,9500
1203,470,4,2,15000,30000
1204,471,6,1,28000,28000
1205,471,1,3,45000,135000
1206,471,3,1,8500,8500
1207,472,15,3,11000,33000
1208,472,10,1,12500,12500
1209,472,21,2,16500,33000
1210,472,14,3,16000,48000
1211,473,30,1,7500,7500
1212,473,13,2,9500,19000
1213,474,12,3,18000,54000
1214,474,6,3,28000,84000
1215,474,17,3,22000,66000
1216,474,20,3,13000,39000
1217,475,13,2,9500,19000
1218,476,17,3,22000,66000
1219,476,25,2,5500,11000
1220,476,22,2,9000,18000
1221,476,15,1,11000,11000
1222,477,23,1,38000,38000
1223,477,26,1,5500,5500
1224,477,29,2,9500,19000
1225,478,20,2,13000,26000
1226,479,16,1,14000,14000
1227,479,1,1,45000,45000
1228,479,4,2,15000,30000
1229,479,19,1,10500,10500
1230,480,10,3,12500,37500
1231,480,7,2,22000,44000
1232,480,6,1,28000,28000
1233,481,23,2,38000,76000
1234,481,4,2,15000,30000
1235,482,29,3,9500,28500
1236,482,7,2,22000,44000
1237,483,13,2,9500,19000
1238,483,26,1,5500,5500
1239,484,21,2,16500,33000
1240,484,23,2,38000,76000
1241,484,10,3,12500,37500
1242,484,16,1,14000,14000
1243,485,17,2,22000,44000
1244,485,19,2,10500,21000
1245,485,8,3,35000,105000
1246,486,9,3,18000,54000
1247,486,24,2,6500,13000
1248,487,26,1,5500,5500
1249,487,18,1,8000,8000
1250,487,27,3,6000,18000
1251,487,12,3,18000,54000
1252,488,14,2,16000,32000
1253,488,13,2,9500,19000
1254,488,25,2,5500,11000
1255,488,6,2,28000,56000
1256,489,18,3,8000,24000
1257,489,24,1,6500,6500
1258,489,30,1,7500,7500
1259,490,11,1,55000,55000
1260,490,30,3,7500,22500
1261,491,21,3,16500,49500
1262,491,9,3,18000,54000
1263,491,30,2,7500,15000
1264,492,28,1,12000,12000
1265,492,4,1,15000,15000
1266,492,19,1,10500,10500
1267,493,14,1,16000,16000
1268,493,30,1,7500,7500
1269,493,25,1,5500,5500
1270,493,10,1,12500,12500
1271,494,19,2,10500,21000
1272,494,13,2,9500,19000
1273,494,25,3,5500,16500
1274,495,15,3,11000,33000
1275,496,19,1,10500,10500
1276,497,28,2,12000,24000
1277,497,20,2,13000,26000
1278,498,12,1,18000,18000
1279,499,30,1,7500,7500
1280,499,16,2,14000,28000
1281,499,12,2,18000,36000
1282,500,23,1,38000,38000
1283,500,22,2,9000,18000
1284,500,12,2,18000,36000
1285,500,5,3,12000,36000
1286,501,7,3,22000,66000
1287,501,25,3,5500,16500
1288,501,24,2,6500,13000
1289,501,14,2,16000,32000
1290,502,14,1,16000,16000
1291,503,27,3,6000,18000
1292,503,18,2,8000,16000
1293,504,28,1,12000,12000
1294,504,24,1,6500,6500
1295,504,23,3,38000,114000
1296,505,26,2,5500,11000
1297,506,19,1,10500,10500
1298,506,23,2,38000,76000
1299,506,10,1,12500,12500
1300,507,21,2,16500,33000
1301,507,3,1,8500,8500
1302,508,2,3,32000,96000
1303,508,7,3,22000,66000
1304,508,28,3,12000,36000
1305,508,8,1,35000,35000
1306,509,15,3,11000,33000
1307,509,6,2,28000,56000
1308,509,18,2,8000,16000
1309,509,8,2,35000,70000
1310,510,18,1,8000,8000
1311,510,16,3,14000,42000
1312,511,22,2,9000,18000
1313,512,10,3,12500,37500
1314,512,15,1,11000,11000
1315,512,18,2,8000,16000
1316,512,17,3,22000,66000
1317,513,20,2,13000,26000
1318,513,25,2,5500,11000
1319,513,13,3,9500,28500
1320,513,19,1,10500,10500
1321,514,9,1,18000,18000
1322,514,11,2,55000,110000
1323,514,27,1,6000,6000
1324,515,26,1,5500,5500
1325,515,19,3,10500,31500
1326,515,7,2,22000,44000
1327,516,1,2,45000,90000
1328,516,5,2,12000,24000
1329,516,7,1,22000,22000
1330,517,20,2,13000,26000
1331,517,8,2,35000,70000
1332,517,2,2,32000,64000
1333,517,27,2,6000,12000
1334,518,22,2,9000,18000
1335,519,15,1,11000,11000
1336,519,14,2,16000,32000
1337,519,19,2,10500,21000
1338,520,25,3,5500,16500
1339,520,5,1,12000,12000
1340,520,13,1,9500,9500
1341,520,15,3,11000,33000
1342,521,23,2,38000,76000
1343,521,8,3,35000,105000
1344,521,18,2,8000,16000
1345,521,5,2,12000,24000
1346,522,20,3,13000,39000
1347,523,11,3,55000,165000
1348,524,23,2,38000,76000
1349,525,3,2,8500,17000
1350,525,23,1,38000,38000
1351,525,2,2,32000,64000
1352,525,10,1,12500,12500
1353,526,7,1,22000,22000
1354,526,9,2,18000,36000
1355,526,17,3,22000,66000
1356,527,29,2,9500,19000
1357,528,18,2,8000,16000
1358,528,21,2,16500,33000
1359,528,13,2,9500,19000
1360,528,3,3,8500,25500
1361,529,23,1,38000,38000
1362,529,14,1,16000,16000
1363,530,15,1,11000,11000
1364,530,22,2,9000,18000
1365,530,13,3,9500,28500
1366,530,20,2,13000,26000
1367,531,10,3,12500,37500
1368,532,20,2,13000,26000
1369,532,22,3,9000,27000
1370,532,5,2,12000,24000
1371,532,4,1,15000,15000
1372,533,1,1,45000,45000
1373,533,19,3,10500,31500
1374,533,12,3,18000,54000
1375,534,13,2,9500,19000
1376,535,21,1,16500,16500
1377,535,10,1,12500,12500
1378,535,28,2,12000,24000
1379,535,16,3,14000,42000
1380,536,11,3,55000,165000
1381,537,23,1,38000,38000
1382,537,29,1,9500,9500
1383,537,25,2,5500,11000
1384,538,24,2,6500,13000
1385,538,15,1,11000,11000
1386,539,30,1,7500,7500
1387,539,4,3,15000,45000
1388,539,9,1,18000,18000
1389,539,14,2,16000,32000
1390,540,14,3,16000,48000
1391,540,5,3,12000,36000
1392,540,19,3,10500,31500
1393,541,4,2,15000,30000
1394,541,15,1,11000,11000
1395,541,19,2,10500,21000
1396,541,11,1,55000,55000
